TILE-NUMBER,RA,DEC
J-PAS_0,150.37432054260975,2.031560149119272
J-PAS_1,150.95123709099227,2.636784139054379
J-PAS_2,150.73243649365213,2.3142139767217627
J-PAS_3,150.5983835939692,2.5085357503535644
J-PAS_4,150.15603411958472,2.9078704160145574
J-PAS_5,150.1555243912724,2.249717104237614
J-PAS_6,150.05803972108527,2.4102643449606442
J-PAS_7,150.8658950056707,2.7550914561341973
J-PAS_8,150.60134367023878,2.2288185315936193
J-PAS_9,150.7077142553239,2.076620165725442
J-PAS_10,150.02049122076824,2.2902150700041264
J-PAS_11,150.9698377434533,2.1608037475448048
J-PAS_12,150.83237437883818,2.9296218957954205
J-PAS_13,150.21158997549966,2.808105297657051
J-PAS_14,150.18176081872647,2.633597147167316
J-PAS_15,150.1839181087687,2.8717735249181477
J-PAS_16,150.3041675516566,2.8033647085911304
J-PAS_17,150.5254712537998,2.1865865084510396
J-PAS_18,150.4319488878899,2.8925522970768918
J-PAS_19,150.29128416374272,2.5393021418012274
J-PAS_20,150.61169354416492,2.807288249902607
J-PAS_21,150.13948476252142,2.8959403485981783
J-PAS_22,150.2919466358178,2.3180330389240003
J-PAS_23,150.36629101628887,2.110469700357839
J-PAS_24,150.4553336037147,2.228238358889698
J-PAS_25,150.7855220961687,2.4265318468950317
J-PAS_26,150.19957859116,2.817911587904161
J-PAS_27,150.51384346294284,2.860514523065346
J-PAS_28,150.59210607557162,2.0074388723210306
J-PAS_29,150.04671032338476,2.5111005123261756
J-PAS_30,150.6077453163637,2.4170973776567743
J-PAS_31,150.17037842361333,2.2222437478488493
J-PAS_32,150.06471211303835,2.120063422453175
J-PAS_33,150.9488187801983,2.3375110545126416
J-PAS_34,150.96582952195462,2.943033110387932
J-PAS_35,150.8082970797371,2.323524968077245
J-PAS_36,150.30431347380457,2.518961714967517
J-PAS_37,150.0978368643558,2.702932973773146
J-PAS_38,150.68432361901833,2.363282070830298
J-PAS_39,150.44040916791158,2.9717307210163932
J-PAS_40,150.12189303400575,2.9627386863937324
J-PAS_41,150.49498125908613,2.251391056576374
J-PAS_42,150.03395612412257,2.4974168419899816
J-PAS_43,150.90896472725865,2.3013657526450984
J-PAS_44,150.2582016678756,2.2853117322575485
J-PAS_45,150.66258090031707,2.036860082601235
J-PAS_46,150.3115597096764,2.6096752051227723
J-PAS_47,150.5200575670938,2.502985495973866
J-PAS_48,150.5467420092457,2.0515205017392844
J-PAS_49,150.18475345213326,2.2786306460078003
J-PAS_50,150.21222844889743,2.528228901556791
J-PAS_51,150.3391368200427,2.9930541004459563
J-PAS_52,150.9915913401236,2.57266957428428
J-PAS_53,150.2436908072188,2.585313160149541
J-PAS_54,150.03728984536053,3.0273150437216834
J-PAS_55,150.5795217674417,2.364876012697356
J-PAS_56,151.11061668382507,1.9876213198308972
J-PAS_57,150.77444171534495,1.8402957468386747
J-PAS_58,150.5980856381251,2.8571921579430666
J-PAS_59,149.93604709127908,2.6684333718948507
J-PAS_60,150.66101011737882,2.7857116753389133
J-PAS_61,151.18607539014596,2.098149826112475
J-PAS_62,149.99611762133114,1.9909200658214776
J-PAS_63,150.52566151330922,1.8203625319350347
J-PAS_64,151.02832230069913,2.290822582329236
J-PAS_65,150.8370760648559,2.6258847615964864
J-PAS_66,150.77582203739337,2.3491416631396254
J-PAS_67,150.78347771758195,2.412464890833221
J-PAS_68,150.30328761170767,3.0658221722912478
J-PAS_69,150.21102858197028,2.2875576538326206
J-PAS_70,150.93310561766992,2.5195852848237354
J-PAS_71,150.93415875255084,2.8971142178376006
J-PAS_72,151.01390124601213,2.3551598952497783
J-PAS_73,151.07853677357906,2.670921380319023
J-PAS_74,150.5158793584053,3.0073091922454434
J-PAS_75,150.50212281256208,3.129328873120699
J-PAS_76,150.91761325055347,2.005902873300653
J-PAS_77,150.70994950308886,3.0972226752260923
J-PAS_78,150.78275362816078,2.4889628103113535
J-PAS_79,150.91410973721054,2.161542143618542
J-PAS_80,151.0460074785446,2.442790058733566
J-PAS_81,150.27319321959214,3.172045605399668
J-PAS_82,150.32581613369592,2.4896653315900177
J-PAS_83,149.93157471577723,2.2602522544025114
J-PAS_84,150.60959219739465,2.6867611960434163
J-PAS_85,149.85031918331546,2.1362038662894705
J-PAS_86,150.45183722538545,1.9062086593521295
J-PAS_87,150.5597024885906,1.980431610674909
J-PAS_88,150.2011577529796,1.9792641745408814
J-PAS_89,150.62716656479662,2.012663770917212
J-PAS_90,149.84270034991468,1.9943580417091742
J-PAS_91,149.85228746424892,2.6972246427245006
J-PAS_92,150.9516407849235,2.054632118158803
J-PAS_93,150.30426689797577,2.2839341966534086
J-PAS_94,149.97788471771264,3.0555037738684168
J-PAS_95,150.53114056407674,2.4635462963680212
J-PAS_96,150.87799097433805,2.734580833929438
J-PAS_97,150.1021494384956,2.041247819682282
J-PAS_98,150.6720466661466,2.069204626332139
J-PAS_99,149.9194864509913,1.8572160627730705
J-PAS_100,149.87235440963607,2.0365090883010306
J-PAS_101,150.54389648419541,2.190026474644742
J-PAS_102,150.55688917025415,2.0478146779874455
J-PAS_103,150.69240186209748,1.9241835472598778
J-PAS_104,150.81652786721173,1.968890219540841
J-PAS_105,151.16619291124755,2.4450902752458163
J-PAS_106,150.5228204876217,2.0888672057681097
J-PAS_107,150.25213906211775,2.3099778054673057
J-PAS_108,150.9132606726762,2.5047841791968
J-PAS_109,150.1791651517669,2.7665527600811117
J-PAS_110,150.4145599889879,1.8550369957775386
J-PAS_111,149.90983893387917,2.91917455847266
J-PAS_112,149.83549104078165,2.679060545287271
J-PAS_113,151.1477077805491,1.9144626447284208
J-PAS_114,150.9703721687171,3.0230100737494885
J-PAS_115,150.77436388853118,3.0892213607445385
J-PAS_116,150.37253412217999,1.8855091437968092
J-PAS_117,150.0426120480992,2.1876287074060854
J-PAS_118,150.01901185973952,2.928681791710286
J-PAS_119,150.15034005743044,2.8475635665371217
J-PAS_120,150.56891733058856,2.0583294270989283
J-PAS_121,150.80043429178008,2.0930890526713943
J-PAS_122,150.72427632740482,2.318660943907935
J-PAS_123,150.19190745572433,2.4783321792674298
J-PAS_124,151.13681139292845,2.6655566801424144
J-PAS_125,150.83305568337408,2.3164790953976815
J-PAS_126,150.57609567351597,2.4475486025864073
J-PAS_127,150.6564090447281,2.846459313387259
J-PAS_128,150.38744008739891,1.851356484046837
J-PAS_129,150.14682338530162,2.1534117220816293
J-PAS_130,150.29836175011178,2.7986894202383734
J-PAS_131,150.86098455465012,3.053289572762079
J-PAS_132,149.82015088408167,2.5163484189619325
J-PAS_133,149.9625016967097,2.544958879371442
J-PAS_134,149.86440369883047,1.9500408158756866
J-PAS_135,149.85702032324656,2.4263773135528366
J-PAS_136,150.9976448176154,2.5456641730370326
J-PAS_137,150.78512100313202,2.1394587050886216
J-PAS_138,150.46384336072225,2.1769405233291335
J-PAS_139,149.93696782491142,2.3281978283464717
J-PAS_140,150.48826222516357,1.828099676888817
J-PAS_141,150.4628604790928,2.2509108318164497
J-PAS_142,150.04248261787401,2.0960272097951624
J-PAS_143,150.40739230893317,2.2584962930490806
J-PAS_144,150.35790662815631,1.9676669845469517
J-PAS_145,150.66219013727311,3.046738193035853
J-PAS_146,150.6891311112147,2.631029434975668
J-PAS_147,149.86342561368087,2.7507432468022857
J-PAS_148,150.32445766047707,2.904839734050274
J-PAS_149,150.67620388199992,2.4978190785006804
J-PAS_150,150.50439076201212,1.9216884033223933
J-PAS_151,150.99908577766365,2.551949158545967
J-PAS_152,150.7221710842665,2.621577565229231
J-PAS_153,150.028108197914,2.8436152638580623
J-PAS_154,149.8987962463606,2.4043233647215514
J-PAS_155,150.69938698948883,1.9786124239137892
J-PAS_156,149.8371158347583,2.1972862681182144
J-PAS_157,150.62008581378285,2.3083152149580894
J-PAS_158,151.11632233799494,2.7042841378642417
J-PAS_159,150.60566384902623,2.5990896265364767
J-PAS_160,150.34343789668912,2.2985354162569847
J-PAS_161,150.7006035058193,3.181121348310172
J-PAS_162,150.4415540466881,2.648084747099642
J-PAS_163,150.56386350504232,2.1321175084303925
J-PAS_164,151.11805073228712,1.9424954616685652
J-PAS_165,150.34054369292107,2.0140027948580648
J-PAS_166,151.14566678935347,2.1443408197383116
J-PAS_167,151.06749089873847,2.024953922563378
J-PAS_168,150.07410758870503,2.0611938336718283
J-PAS_169,149.89710582122524,2.1991332361713862
J-PAS_170,149.9410892019284,2.0427230334126567
J-PAS_171,149.8255105559122,3.0554715944769955
J-PAS_172,149.9322201450583,1.912327243926299
J-PAS_173,150.7562094827829,2.534315945398357
J-PAS_174,149.89966410784433,2.374555557785526
J-PAS_175,150.24656588241126,3.175330063672049
J-PAS_176,150.98282543535723,1.9568544630352733
J-PAS_177,149.83258071003016,2.3569978386640384
J-PAS_178,150.9402558756245,3.1572586065855166
J-PAS_179,150.19459668468278,3.0117099762515727
J-PAS_180,149.96543075867032,2.943900899328992
J-PAS_181,150.7754320315098,2.161063957862916
J-PAS_182,150.68051998549183,2.039242622346092
J-PAS_183,151.02846081893787,2.7361005078942036
J-PAS_184,150.82909946132543,3.1011263847786203
J-PAS_185,150.92487330253877,2.5794680502195018
J-PAS_186,150.19484840159984,2.60025776525786
J-PAS_187,150.04841536129163,2.191970731124398
J-PAS_188,150.8508606522972,2.877290106468712
J-PAS_189,150.92956863497417,2.061861247980533
J-PAS_190,151.18670719880095,2.2531509309659414
J-PAS_191,150.377664747676,2.3956110140629834
J-PAS_192,150.3208253201099,2.510654530158237
J-PAS_193,150.8869781450388,2.139373625381112
J-PAS_194,150.27712495635424,1.960771554634885
J-PAS_195,151.10306025584498,2.654868059418286
J-PAS_196,151.0017778525802,2.2040827745363583
J-PAS_197,150.40059163832504,2.613733509991657
J-PAS_198,150.8512194949081,2.016107801383883
J-PAS_199,150.85636002371854,2.4735961425967448
J-PAS_200,149.94437341637033,2.5456252055722204
J-PAS_201,151.06357406935138,1.8725529515513977
J-PAS_202,150.507353321427,2.2712459894714887
J-PAS_203,150.95704045255084,1.988180547714564
J-PAS_204,150.24806944144285,1.8887249586618748
J-PAS_205,151.05373251989468,3.1859443253459236
J-PAS_206,150.34488235022783,2.2512953829646123
J-PAS_207,149.81517271207244,2.933824224196489
J-PAS_208,151.06753476698697,2.1564969166692696
J-PAS_209,149.9278013475006,2.754103811113501
J-PAS_210,150.24703909262658,2.8643190038455613
J-PAS_211,151.13008675387113,2.633894236850982
J-PAS_212,151.13085000571257,2.460206663970222
J-PAS_213,150.6028130433726,2.376577279806176
J-PAS_214,150.68457209703772,2.2884155731601936
J-PAS_215,150.42782373076966,3.1013408019469564
J-PAS_216,150.21049508037729,2.962867170902821
J-PAS_217,150.26013036351787,3.151037674933118
J-PAS_218,150.74152583850784,1.9740161128797626
J-PAS_219,150.85332434121275,2.823214465285102
J-PAS_220,150.90821066121617,3.1136766395494533
J-PAS_221,150.90546539991237,2.053726292631924
J-PAS_222,149.92768854426816,1.8930947743134885
J-PAS_223,150.49218842658362,2.837568909006083
J-PAS_224,149.8805822640233,2.604262358451877
J-PAS_225,150.56934043525322,2.978560287461581
J-PAS_226,150.41814270192273,1.9956813272768053
J-PAS_227,151.0427858558616,2.9133742366038464
J-PAS_228,150.2912810175729,2.0822782480668423
J-PAS_229,149.96389382299867,2.029118320011986
J-PAS_230,150.00018835487398,2.02997211710339
J-PAS_231,150.86611488440445,2.9404046083239352
J-PAS_232,150.66550528864278,2.73127610897468
J-PAS_233,149.94157174657192,2.5322915946767672
J-PAS_234,149.91774952856102,2.3023626777729036
J-PAS_235,150.78135678404277,3.0280807571383517
J-PAS_236,149.9018682089099,2.3494231503916896
J-PAS_237,150.95060408300648,2.943239215260208
J-PAS_238,150.7887391180191,2.4147888719983057
J-PAS_239,149.91388829289866,2.3277222011948706
J-PAS_240,149.91877279971928,2.447751699937449
J-PAS_241,151.18129540990162,2.221929023829799
J-PAS_242,150.32397911405857,2.8466531322467516
J-PAS_243,150.31889900589366,2.503808546129471
J-PAS_244,150.9379193941605,2.1250977732055443
J-PAS_245,151.1261480083374,3.059404402584396
J-PAS_246,151.18040148935202,2.337447709922496
J-PAS_247,150.85472945936252,2.560974005559584
J-PAS_248,150.3267634197433,3.069060955350366
J-PAS_249,149.91690100337814,2.673933194279589
J-PAS_250,150.8880056822984,1.9636572569917097
J-PAS_251,150.58176594963012,3.1157649730588655
J-PAS_252,150.39391081294576,2.6787912742999853
J-PAS_253,151.06889613913262,2.268867860519921
J-PAS_254,149.9556764752286,1.9949809017287423
J-PAS_255,150.48967514600722,2.9116352649784143
J-PAS_256,149.8158951026744,2.668101858299919
J-PAS_257,150.45612489879178,2.54684552876685
J-PAS_258,149.8788245859546,3.051449616271341
J-PAS_259,149.96634508277532,2.904036095714343
J-PAS_260,149.96453674548795,2.012344831625852
J-PAS_261,150.7088944229625,2.2364108949137678
J-PAS_262,150.8444628309716,2.1478847957402523
J-PAS_263,150.61671627113603,2.841524809601748
J-PAS_264,151.14704156786433,1.8469454086300912
J-PAS_265,150.3248188113332,2.5978455588198432
J-PAS_266,150.1999969207946,2.867442160036967
J-PAS_267,151.01603877946525,3.0274718914664493
J-PAS_268,150.11303417392725,2.2789144482022707
J-PAS_269,151.14851155521686,2.949760226540818
J-PAS_270,149.81701626456575,1.9548844317372902
J-PAS_271,151.15783035739068,2.9850332084283258
J-PAS_272,149.8604238767308,1.9784841272647755
J-PAS_273,151.0476003591773,2.356202206784514
J-PAS_274,150.53878155272082,2.916213512091375
J-PAS_275,151.190150714567,2.0098843982882832
J-PAS_276,149.90331519062957,2.120951953325698
J-PAS_277,150.57539599816184,2.811153595750293
J-PAS_278,151.15702354986672,2.8080511511645043
J-PAS_279,150.5323369818382,2.6976066860394163
J-PAS_280,150.68115809338937,2.7715278222539403
J-PAS_281,150.77404816457846,2.5598142206866346
J-PAS_282,150.43635749067488,2.1525186824697338
J-PAS_283,150.6785813121177,2.2839743909054873
J-PAS_284,150.61804003669235,2.054236803521996
J-PAS_285,151.06162121468736,3.0718307858670797
J-PAS_286,149.86362493247805,2.6167485126725687
J-PAS_287,150.19334846542912,2.3611919834690958
J-PAS_288,151.13057607770716,2.4468081251017857
J-PAS_289,151.04636929744728,3.1261966754565416
J-PAS_290,150.4379194539,2.0146919643625125
J-PAS_291,150.66818563692215,2.620721764823516
J-PAS_292,150.1883336561736,2.5082441504382524
J-PAS_293,150.06336962361328,2.656035929608507
J-PAS_294,150.44917776691597,1.8253542573491768
J-PAS_295,150.29469311923648,3.020973472521812
J-PAS_296,150.6171185565912,3.1049655954770574
J-PAS_297,149.908828491751,2.5911864570248926
J-PAS_298,151.1641527307326,2.775311153427649
J-PAS_299,151.18069504227142,3.091499133648214
