TILE-NUMBER,RA,DEC,TILE-ID_DESI,RA_DESI,DEC_DESI,separation_arcsec
J-PAS_18,150.4319488878899,2.892552297076892,DESI_18,150.43194501864212,2.892558998489978,0.02784871470794081
J-PAS_48,150.5467420092457,2.0515205017392844,DESI_48,150.54671027934327,2.0514787512499892,0.18873752813260886
J-PAS_45,150.66258090031707,2.036860082601235,DESI_45,150.66252228435397,2.036886947354533,0.23200333104500054
J-PAS_19,150.29128416374272,2.5393021418012274,DESI_19,150.29122914019806,2.5393422419156506,0.24494995441580147
J-PAS_12,150.83237437883818,2.9296218957954205,DESI_12,150.83244264080042,2.929697652342573,0.36689241974665965
J-PAS_49,150.18475345213326,2.2786306460078003,DESI_49,150.18485445552554,2.2786464642366115,0.36776030428769374
J-PAS_33,150.9488187801983,2.3375110545126416,DESI_33,150.94888553725335,2.3376151714036277,0.44514138569304007
J-PAS_6,150.0580397210853,2.410264344960644,DESI_6,150.0580836121682,2.4103829230356295,0.45513710693088527
J-PAS_26,150.19957859116,2.817911587904161,DESI_26,150.19967378215836,2.8180147659224932,0.505093323246013
J-PAS_21,150.13948476252142,2.8959403485981783,DESI_21,150.13949386065204,2.8960912999234933,0.5444084130496627
J-PAS_37,150.0978368643558,2.702932973773146,DESI_37,150.09767211400637,2.7030189588951776,0.6684353356865408
J-PAS_46,150.3115597096764,2.6096752051227723,DESI_46,150.3117110760894,2.609564333979897,0.6750043595387532
J-PAS_31,150.17037842361333,2.2222437478488493,DESI_31,150.1705241236873,2.2221078104707304,0.717074148839012
J-PAS_22,150.2919466358178,2.3180330389240003,DESI_22,150.2921446485352,2.3180034749718637,0.7201702800428678
J-PAS_14,150.18176081872647,2.633597147167316,DESI_14,150.1818249672071,2.6334037565104236,0.7334312996531996
J-PAS_20,150.61169354416492,2.807288249902607,DESI_20,150.61185289472238,2.807440155164062,0.7920564145525756
J-PAS_8,150.60134367023878,2.2288185315936193,DESI_8,150.60111501174322,2.2287981654916225,0.8258089873110531
J-PAS_34,150.96582952195462,2.943033110387932,DESI_34,150.96563203307457,2.942909703912519,0.8375569023463948
J-PAS_0,150.37432054260975,2.031560149119272,DESI_0,150.37454011884736,2.031429185686734,0.9199712372295058
J-PAS_39,150.44040916791158,2.9717307210163932,DESI_39,150.4401524937396,2.971782082720961,0.9411269025912681
J-PAS_3,150.5983835939692,2.5085357503535644,DESI_3,150.59865848419705,2.508570691164703,0.9966263022421867
J-PAS_4,150.15603411958472,2.9078704160145574,DESI_4,150.15601864044245,2.907566473926093,1.095605930165824
J-PAS_47,150.5200575670938,2.502985495973866,DESI_47,150.52006802117782,2.5026790232288616,1.1039423502731156
J-PAS_16,150.3041675516566,2.8033647085911304,DESI_16,150.30424224295953,2.8036720768991144,1.1386517241527343
J-PAS_40,150.12189303400575,2.9627386863937324,DESI_40,150.12203823484478,2.9624472949421112,1.1717208824164493
J-PAS_35,150.8082970797371,2.323524968077245,DESI_35,150.80839734811647,2.323202932020755,1.2141367437529875
J-PAS_36,150.30431347380457,2.518961714967517,DESI_36,150.30461376917336,2.518790621743366,1.2433090051142532
J-PAS_38,150.68432361901833,2.363282070830298,DESI_38,150.68423302651215,2.363629602379294,1.2928522917289216
J-PAS_30,150.6077453163637,2.4170973776567743,DESI_30,150.60754485190145,2.417411003148779,1.3396424975380334
J-PAS_32,150.06471211303835,2.120063422453175,DESI_32,150.06505159298527,2.119865367333683,1.4141850312334046
J-PAS_11,150.9698377434533,2.1608037475448048,DESI_11,150.969909852162,2.1612212872540044,1.5253624454298342
J-PAS_23,150.36629101628887,2.110469700357839,DESI_23,150.3663618432937,2.110051924527677,1.5254245765876628
J-PAS_41,150.49498125908613,2.251391056576374,DESI_41,150.49517691011127,2.251782295825364,1.5745150123112848
J-PAS_29,150.04671032338476,2.5111005123261756,DESI_29,150.04645041272,2.510747302577566,1.5781844238500464
J-PAS_27,150.51384346294284,2.860514523065346,DESI_27,150.5142344384136,2.860730583256343,1.6065969453925992
J-PAS_42,150.03395612412257,2.4974168419899816,DESI_42,150.0343885211152,2.4972485058923857,1.6690542137136068
J-PAS_2,150.73243649365213,2.3142139767217627,DESI_2,150.7319939418114,2.314355981076327,1.671958788248698
J-PAS_10,150.02049122076824,2.2902150700041264,DESI_10,150.0205844942958,2.289751452913768,1.702411290091724
J-PAS_9,150.7077142553239,2.076620165725442,DESI_9,150.70807257779606,2.076979909828793,1.8273048101636684
J-PAS_7,150.8658950056707,2.7550914561341973,DESI_7,150.86617614577494,2.7555511385430487,1.9392108651437636
J-PAS_28,150.59210607557162,2.0074388723210306,DESI_28,150.59241456886204,2.006952130531191,2.0742028268643216
J-PAS_15,150.1839181087687,2.8717735249181477,DESI_15,150.18340450985343,2.8714605901877177,2.163147523586047
J-PAS_43,150.90896472725865,2.3013657526450984,DESI_43,150.90932040207878,2.3008783098167696,2.1716719040683183
J-PAS_5,150.1555243912724,2.249717104237614,DESI_5,150.1559945203362,2.249292229148875,2.280251651557201
J-PAS_1,150.9512370909923,2.636784139054379,DESI_1,150.9507143064099,2.6364104112637805,2.3118555433372023
J-PAS_25,150.7855220961687,2.4265318468950317,DESI_25,150.785175961393,2.427107788626256,2.418448135988425
J-PAS_17,150.5254712537998,2.1865865084510396,DESI_17,150.52475643163223,2.1865700588860357,2.5721678688552907
J-PAS_44,150.2582016678756,2.2853117322575485,DESI_44,150.2587799816,2.284840494377468,2.684306922922755
J-PAS_13,150.21158997549966,2.808105297657051,DESI_13,150.21233911067827,2.808120379564417,2.6941953947346207
J-PAS_24,150.4553336037147,2.228238358889698,DESI_24,150.45606998421704,2.2279351625419417,2.8650315971843083
